OgretmenNo ,o1_ks,o1_es,o1_mod,o1_med,o1_ort,o1_min,o1_max,o1_ranj,o1_var,o1_sd,o2_t,o2_tk1,o2_tk2,o2_sonuc,o3_corMF,o3_corMB,o3_corFB,o4_t,o4_tk1,o4_tk2,o4_sonuc,o5_F,o5_Fk1,o5_Fk2,o5_sonuc,o6_RegF,o6_tMat,o6_pMat,o6_tFen,o6_pFen,o6_pCins,o6_tahmin,o6_rsqared
1,17,13,7,5.5,5.4,1,10,9,7.903448276,2.811307218,0.258001263,2.045229642,2.756385904,0,0.455282667,0.573591227,0.408645174,-2.990813153,2.048407142,2.763262455,1,1.019488429,3.354130829,2.510608667,0,8.814992202,2.465253282,0.020611684,1.45359676,0.158023122,2.784039641,7.855826231,0.447039509
2,16,14,2,4.5,5.2,1,10,9,7.751724138,2.784191829,-2.280539592,2.045229642,2.756385904,1,0.507428592,0.593867753,0.494146696,-1.535518737,2.048407142,2.763262455,0,1.15727949,3.354130829,2.510608667,0,8.027273066,3.252333963,0.003163434,0.787990997,0.437827569,1.977824726,7.41046959,0.420947552
3,17,13,9,5.5,5.866666667,1,10,9,9.36091954,3.059561985,-0.077017423,2.045229642,2.756385904,0,0.341680234,0.575066949,0.419143228,-0.025907497,2.048407142,2.763262455,0,1.756351039,3.354130829,2.510608667,0,5.59035653,3.037720235,0.005369387,1.464898127,0.154937291,0.475349302,8.689545924,0.321971597
