"","MALE","ege.m","ege.s"
"1",0,45.4776324010044,13.5701124915406
"2",1,43.129661088185,11.057017212555
