"","Df","Sum Sq","Mean Sq","F value","Pr(>F)"
"testdata$MALE",1,691.230931666074,691.230931666074,4.691136074441,0.0307741168828108
"Residuals",518,76326.4200656752,147.348301285087,,
